-- MariaDB dump 10.19  Distrib 10.4.26-MariaDB, for Linux (x86_64)
--
-- Host: localhost    Database: pharmat1_orto
-- ------------------------------------------------------
-- Server version	10.4.26-MariaDB-cll-lve-log

/*!40101 SET @OLD_CHARACTER_SET_CLIENT=@@CHARACTER_SET_CLIENT */;
/*!40101 SET @OLD_CHARACTER_SET_RESULTS=@@CHARACTER_SET_RESULTS */;
/*!40101 SET @OLD_COLLATION_CONNECTION=@@COLLATION_CONNECTION */;
/*!40101 SET NAMES utf8mb4 */;
/*!40103 SET @OLD_TIME_ZONE=@@TIME_ZONE */;
/*!40103 SET TIME_ZONE='+00:00' */;
/*!40014 SET @OLD_UNIQUE_CHECKS=@@UNIQUE_CHECKS, UNIQUE_CHECKS=0 */;
/*!40014 SET @OLD_FOREIGN_KEY_CHECKS=@@FOREIGN_KEY_CHECKS, FOREIGN_KEY_CHECKS=0 */;
/*!40101 SET @OLD_SQL_MODE=@@SQL_MODE, SQL_MODE='NO_AUTO_VALUE_ON_ZERO' */;
/*!40111 SET @OLD_SQL_NOTES=@@SQL_NOTES, SQL_NOTES=0 */;

--
-- Table structure for table `admin_user`
--

DROP TABLE IF EXISTS `admin_user`;
/*!40101 SET @saved_cs_client     = @@character_set_client */;
/*!40101 SET character_set_client = utf8 */;
CREATE TABLE `admin_user` (
  `id` int(11) NOT NULL AUTO_INCREMENT,
  `username` varchar(255) CHARACTER SET utf8 NOT NULL,
  `password` varchar(60) CHARACTER SET utf8 NOT NULL,
  PRIMARY KEY (`id`)
) ENGINE=InnoDB AUTO_INCREMENT=3 DEFAULT CHARSET=utf8mb4 COLLATE=utf8mb4_unicode_ci;
/*!40101 SET character_set_client = @saved_cs_client */;

--
-- Dumping data for table `admin_user`
--

LOCK TABLES `admin_user` WRITE;
/*!40000 ALTER TABLE `admin_user` DISABLE KEYS */;
INSERT INTO `admin_user` VALUES (1,'PA1u0OGOqH5Kk','PA538zIqHjCjg'),(2,'PA7/4ru0/NasI','PASAFQrbj1xb6');
/*!40000 ALTER TABLE `admin_user` ENABLE KEYS */;
UNLOCK TABLES;

--
-- Table structure for table `cashbox`
--

DROP TABLE IF EXISTS `cashbox`;
/*!40101 SET @saved_cs_client     = @@character_set_client */;
/*!40101 SET character_set_client = utf8 */;
CREATE TABLE `cashbox` (
  `id` int(100) NOT NULL AUTO_INCREMENT,
  `types_id` int(250) NOT NULL,
  `sum_in` int(100) NOT NULL DEFAULT 0,
  `sum_out` int(100) NOT NULL DEFAULT 0,
  `type_payment` varchar(250) NOT NULL,
  `comment` varchar(250) NOT NULL,
  `date_cash` date NOT NULL,
  `del` int(10) NOT NULL DEFAULT 0,
  PRIMARY KEY (`id`)
) ENGINE=InnoDB DEFAULT CHARSET=utf8;
/*!40101 SET character_set_client = @saved_cs_client */;

--
-- Dumping data for table `cashbox`
--

LOCK TABLES `cashbox` WRITE;
/*!40000 ALTER TABLE `cashbox` DISABLE KEYS */;
/*!40000 ALTER TABLE `cashbox` ENABLE KEYS */;
UNLOCK TABLES;

--
-- Table structure for table `counterparties_tbl`
--

DROP TABLE IF EXISTS `counterparties_tbl`;
/*!40101 SET @saved_cs_client     = @@character_set_client */;
/*!40101 SET character_set_client = utf8 */;
CREATE TABLE `counterparties_tbl` (
  `id` int(255) NOT NULL AUTO_INCREMENT,
  `name` varchar(250) NOT NULL,
  `alternative_name` varchar(250) NOT NULL,
  `inn` varchar(255) NOT NULL,
  `nds` varchar(255) NOT NULL,
  `raschetny_schet` varchar(255) NOT NULL,
  `mfo` varchar(100) NOT NULL,
  `address` varchar(250) NOT NULL,
  `contact` varchar(250) NOT NULL,
  `director` varchar(250) NOT NULL,
  `accountant` varchar(250) NOT NULL,
  `sts` int(10) NOT NULL DEFAULT 1,
  PRIMARY KEY (`id`)
) ENGINE=InnoDB AUTO_INCREMENT=35 DEFAULT CHARSET=utf8;
/*!40101 SET character_set_client = @saved_cs_client */;

--
-- Dumping data for table `counterparties_tbl`
--

LOCK TABLES `counterparties_tbl` WRITE;
/*!40000 ALTER TABLE `counterparties_tbl` DISABLE KEYS */;
INSERT INTO `counterparties_tbl` VALUES (1,'GRAND PHARM','OOO \"Grand Pharm\"','303303592','-','-','-','-','-','-','-',1),(2,'MEROS PHARM','OOO \"Meros Pharm\"','305861856','-','-','-','-','-','-','-',1),(3,'ASKLEPIY','ООО \"Asklepiy\"','200712872','-','-','-','-','-','-','-',1),(4,'GEMOTEST','ООО \"Gemotest\"','305039365','-','-','-','-','-','-','-',1),(5,'SUPER MOM','Super Mom Готовые сумки для роддома','-','-','-','-','-','-','-','-',1),(6,'NAFIS FAYZ','Nafis Fayz Jizzax','-','-','-','-','-','-','-','-',1),(7,'FARMNAZ','ООО \"Farmnaz\"','308309779','-','-','-','-','-','-','-',1),(8,'AUSTON','Auston','-','-','-','-','-','-','-','-',1),(9,'GENESIS','Genesis Chilonzor','-','-','-','-','-','-','-','-',1),(10,'LOREN','Loren Uchtepa 13','-','-','-','-','-','-','-','-',1),(11,'AR-ROZIY FARM','ООО \"AR-ROZIY FARM\"','201199466','-','-','-','-','-','-','-',1),(12,'A5','ООО \"Anvar Farmservis\"','205681704','-','-','-','-','-','-','-',1),(13,'GOSPITALNIY ABBOS','GOSPITALNIY ABBOS','-','-','-','-','-','-','-','-',1),(14,'QIZLARXON','Qizlarxon opa','-','-','-','-','-','-','-','-',1),(15,'TASHMI SHERZOD','Tashmi Sherzod Optom','-','-','-','-','-','-','-','-',1),(16,'AAA','AAA Chilonzor','-','-','-','-','-','-','-','-',1),(17,'UMIDA GAZALKENT','Umida Gazalkent','-','-','-','-','-','-','-','-',1),(18,'ABBOS','Abbos kimga sotganini bilmaydi','-','-','-','-','-','-','-','-',1),(19,'SEVARA ORZU','Sevara Orzu yunusobod','-','-','-','-','-','-','-','-',1),(20,'DR.OVCHAROV','Dr.Ovcharov','-','-','-','-','-','-','-','-',1),(21,'7777','7777 сеть аптек','-','-','-','-','-','-','-','-',1),(22,'NODIRA','Nodira Chilonzor','-','-','-','-','-','-','-','-',1),(23,'SAIDAHMAD','Saidahmad','-','-','-','-','-','-','-','-',1),(24,'VITAMED','Vitamed apteka Yunusobod','-','-','-','-','-','-','-','-',1),(25,'M BILOL FARM','M Bilol Farm ','-','-','-','-','-','-','-','-',1),(26,'RIZAMED','Rizamed Oxun Rakat','-','-','-','-','-','-','-','-',1),(27,'VITAMAX PROFI','Vitamax Profi Parkentskiy','-','-','-','-','-','-','-','-',1),(28,'XAKIM','Xakim kimga sotkanini uzi bilmaydi','-','-','-','-','-','-','-','-',1),(29,'SHAXZODBEK','Shaxzodbek Feruza','-','-','-','-','-','-','-','-',1),(30,'SEVINCH','Sevinch Mirobod','-','-','-','-','-','-','-','-',1),(31,'MEDGORODOK','Medgorodok Abbos','-','-','-','-','-','-','-','-',1),(32,'QORAQAMISH KLINIKA','Qoraqamish Klinika','-','-','-','-','-','-','-','-',1),(33,'AVISENNA FARM','Avitsenna Farm','-','-','-','-','Учтепа МИБ','-','-','-',1),(34,'ERA MED','ООО \"Era Med\"','305437259','-','-','-','-','-','-','-',1);
/*!40000 ALTER TABLE `counterparties_tbl` ENABLE KEYS */;
UNLOCK TABLES;

--
-- Table structure for table `debts`
--

DROP TABLE IF EXISTS `debts`;
/*!40101 SET @saved_cs_client     = @@character_set_client */;
/*!40101 SET character_set_client = utf8 */;
CREATE TABLE `debts` (
  `id` int(50) NOT NULL AUTO_INCREMENT,
  `sale_agent` int(50) DEFAULT NULL,
  `id_counterpartie` int(11) NOT NULL,
  `order_id` int(50) DEFAULT NULL,
  `return_id` int(100) DEFAULT NULL,
  `debt` int(100) NOT NULL DEFAULT 0,
  `main_prepayment` int(11) NOT NULL DEFAULT 0,
  `prepayment` int(250) NOT NULL DEFAULT 0,
  `payment_type` varchar(50) NOT NULL DEFAULT 'Перечисление',
  `order_date` timestamp NOT NULL DEFAULT current_timestamp() ON UPDATE current_timestamp(),
  `sts` int(50) DEFAULT 0,
  `del` int(10) NOT NULL DEFAULT 0,
  PRIMARY KEY (`id`)
) ENGINE=InnoDB AUTO_INCREMENT=122 DEFAULT CHARSET=utf8;
/*!40101 SET character_set_client = @saved_cs_client */;

--
-- Dumping data for table `debts`
--

LOCK TABLES `debts` WRITE;
/*!40000 ALTER TABLE `debts` DISABLE KEYS */;
INSERT INTO `debts` VALUES (1,NULL,3,1,NULL,4880000,0,0,'Перечисление','2023-07-05 19:00:00',0,0),(2,4,4,NULL,NULL,0,780000,0,'Перечисление','2023-07-06 19:00:00',2,0),(3,1,6,NULL,NULL,0,5400000,0,'Наличные деньги','2023-07-05 19:00:00',2,0),(4,2,7,NULL,NULL,0,500000,0,'Наличные деньги','2023-07-04 19:00:00',2,0),(5,3,8,NULL,NULL,0,510000,0,'Наличные деньги','2023-07-03 19:00:00',2,0),(6,1,9,NULL,NULL,0,2000000,0,'Наличные деньги','2023-07-06 19:00:00',2,0),(7,NULL,10,7,NULL,472000,0,0,'Наличные деньги','2023-07-02 19:00:00',0,0),(8,NULL,7,6,NULL,500000,0,0,'Наличные деньги','2023-07-04 19:00:00',0,0),(9,NULL,6,5,NULL,5400000,0,0,'Наличные деньги','2023-07-04 19:00:00',0,0),(10,NULL,5,4,NULL,760000,0,0,'Наличные деньги','2023-07-06 19:00:00',0,0),(11,NULL,4,3,NULL,780000,0,0,'Перечисление','2023-07-06 19:00:00',0,0),(12,1,11,NULL,NULL,0,1000000,0,'Перечисление','2023-07-03 19:00:00',2,0),(13,1,12,NULL,NULL,0,15000000,0,'Перечисление','2023-07-04 19:00:00',2,0),(14,1,1,NULL,NULL,0,37501497,0,'Перечисление','2023-07-06 19:00:00',2,0),(15,2,3,NULL,NULL,0,6000000,0,'Перечисление','2023-07-06 19:00:00',2,0),(16,NULL,8,8,NULL,1510000,0,0,'Наличные деньги','2023-06-21 19:00:00',0,0),(17,NULL,13,9,NULL,252000,0,0,'Наличные деньги','2023-06-19 19:00:00',0,0),(18,NULL,14,10,NULL,4644000,0,0,'Наличные деньги','2023-06-18 19:00:00',0,0),(19,NULL,15,11,NULL,2664750,0,0,'Наличные деньги','2023-06-18 19:00:00',0,0),(20,NULL,14,12,NULL,1500000,0,0,'Наличные деньги','2023-06-16 19:00:00',0,0),(21,NULL,16,13,NULL,2994600,0,0,'Наличные деньги','2023-06-16 19:00:00',0,0),(22,NULL,14,15,NULL,4400000,0,0,'Наличные деньги','2023-06-08 19:00:00',0,0),(23,NULL,14,14,NULL,3920000,0,0,'Наличные деньги','2023-06-09 19:00:00',0,0),(24,NULL,17,16,NULL,4597000,0,0,'Наличные деньги','2023-06-07 19:00:00',0,0),(25,NULL,15,17,NULL,2664750,0,0,'Наличные деньги','2023-06-05 19:00:00',0,0),(26,2,5,NULL,NULL,0,760000,0,'Наличные деньги','2023-07-07 19:00:00',2,0),(27,NULL,18,18,NULL,75000,0,0,'Наличные деньги','2023-06-08 19:00:00',0,0),(28,NULL,19,19,NULL,90000,0,0,'Наличные деньги','2023-06-05 19:00:00',0,0),(29,NULL,14,20,NULL,700000,0,0,'Наличные деньги','2023-06-03 19:00:00',0,0),(30,NULL,20,21,NULL,500000,0,0,'Наличные деньги','2023-06-01 19:00:00',0,0),(31,3,13,NULL,NULL,0,252000,0,'Наличные деньги','2023-06-19 19:00:00',2,0),(32,1,16,NULL,NULL,0,2994600,0,'Наличные деньги','2023-06-16 19:00:00',2,0),(33,3,18,NULL,NULL,0,75000,0,'Наличные деньги','2023-06-08 19:00:00',2,0),(34,1,15,NULL,NULL,0,2664750,0,'Наличные деньги','2023-06-18 19:00:00',2,0),(35,2,19,NULL,NULL,0,90000,0,'Наличные деньги','2023-06-05 19:00:00',2,0),(36,2,20,NULL,NULL,0,500000,0,'Наличные деньги','2023-06-01 19:00:00',2,0),(37,NULL,21,22,NULL,5460000,0,0,'Наличные деньги','2023-06-25 19:00:00',0,0),(38,NULL,14,23,NULL,4272800,0,0,'Наличные деньги','2023-06-30 19:00:00',0,0),(39,NULL,21,24,NULL,3900000,0,0,'Наличные деньги','2023-05-22 19:00:00',0,0),(40,4,21,NULL,NULL,0,3900000,0,'Наличные деньги','2023-06-05 19:00:00',2,0),(41,1,22,NULL,NULL,0,14200000,0,'Наличные деньги','2023-05-30 19:00:00',2,0),(42,2,19,NULL,NULL,0,152000,0,'Наличные деньги','2023-06-05 19:00:00',2,0),(43,2,23,NULL,NULL,0,1575000,0,'Наличные деньги','2023-06-05 19:00:00',2,0),(44,2,24,NULL,NULL,0,500000,0,'Наличные деньги','2023-06-04 19:00:00',2,0),(45,2,24,NULL,NULL,0,1000000,0,'Наличные деньги','2023-06-15 19:00:00',2,0),(46,2,24,NULL,NULL,0,719400,0,'Наличные деньги','2023-06-25 19:00:00',2,0),(47,3,25,NULL,NULL,0,156000,0,'Наличные деньги','2023-05-29 19:00:00',2,0),(48,3,26,NULL,NULL,0,433000,0,'Наличные деньги','2023-05-31 19:00:00',2,0),(49,3,27,NULL,NULL,0,447000,0,'Наличные деньги','2023-06-05 19:00:00',2,0),(50,1,22,NULL,NULL,0,1741500,0,'Наличные деньги','2023-05-22 19:00:00',2,0),(51,1,28,NULL,NULL,0,750000,0,'Наличные деньги','2023-05-18 19:00:00',2,0),(52,1,28,NULL,NULL,0,410000,0,'Наличные деньги','2023-05-18 19:00:00',2,0),(53,1,22,NULL,NULL,0,2250000,0,'Наличные деньги','2023-05-17 19:00:00',2,0),(54,1,6,NULL,NULL,0,5400000,0,'Наличные деньги','2023-05-04 19:00:00',2,0),(55,3,27,NULL,NULL,0,160000,0,'Наличные деньги','2023-05-21 19:00:00',2,0),(56,1,28,NULL,NULL,0,675000,0,'Перечисление','2023-05-21 19:00:00',2,0),(57,3,29,NULL,NULL,0,200000,0,'Наличные деньги','2023-05-21 19:00:00',2,0),(58,3,29,NULL,NULL,0,156000,0,'Наличные деньги','2023-05-21 19:00:00',2,0),(59,3,30,NULL,NULL,0,440000,0,'Наличные деньги','2023-05-21 19:00:00',2,0),(60,3,31,NULL,NULL,0,204000,0,'Наличные деньги','2023-05-11 19:00:00',2,0),(61,1,32,NULL,NULL,0,700000,0,'Наличные деньги','2023-05-11 19:00:00',2,0),(62,NULL,6,25,NULL,5400000,0,0,'Наличные деньги','2023-05-04 19:00:00',0,0),(63,NULL,33,26,NULL,365000,0,0,'Наличные деньги','2023-07-07 19:00:00',0,0),(64,3,33,NULL,NULL,0,365000,0,'Наличные деньги','2023-07-07 19:00:00',2,0),(65,NULL,32,27,NULL,700000,0,0,'Наличные деньги','2023-05-11 19:00:00',0,0),(66,NULL,31,28,NULL,204000,0,0,'Наличные деньги','2023-05-11 19:00:00',0,0),(67,NULL,28,29,NULL,675000,0,0,'Наличные деньги','2023-05-11 19:00:00',0,0),(68,NULL,29,30,NULL,156000,0,0,'Наличные деньги','2023-05-19 19:00:00',0,0),(69,NULL,30,31,NULL,440000,0,0,'Наличные деньги','2023-05-14 19:00:00',0,0),(70,NULL,29,32,NULL,200000,0,0,'Наличные деньги','2023-05-17 19:00:00',0,0),(71,NULL,27,33,NULL,160000,0,0,'Наличные деньги','2023-05-18 19:00:00',0,0),(72,NULL,22,34,NULL,2250000,0,0,'Наличные деньги','2023-05-17 19:00:00',0,0),(73,NULL,9,35,NULL,2956500,0,0,'Наличные деньги','2023-05-18 19:00:00',0,0),(74,NULL,28,36,NULL,410000,0,0,'Наличные деньги','2023-05-18 19:00:00',0,0),(75,NULL,28,37,NULL,750000,0,0,'Наличные деньги','2023-05-18 19:00:00',0,0),(76,NULL,22,38,NULL,1741500,0,0,'Наличные деньги','2023-05-22 19:00:00',0,0),(77,NULL,12,39,NULL,19683000,0,0,'Перечисление','2023-05-28 19:00:00',0,0),(78,NULL,27,40,NULL,447000,0,0,'Наличные деньги','2023-05-24 19:00:00',0,0),(79,NULL,26,41,NULL,433000,0,0,'Наличные деньги','2023-05-30 19:00:00',0,0),(80,NULL,25,42,NULL,156000,0,0,'Наличные деньги','2023-05-29 19:00:00',0,0),(81,NULL,24,43,NULL,2219400,0,0,'Наличные деньги','2023-05-30 19:00:00',0,0),(82,NULL,23,44,NULL,1575000,0,0,'Наличные деньги','2023-05-30 19:00:00',0,0),(83,NULL,19,45,NULL,152000,0,0,'Наличные деньги','2023-05-30 19:00:00',0,0),(84,NULL,22,46,NULL,14200000,0,0,'Наличные деньги','2023-05-30 19:00:00',0,0),(85,NULL,3,47,NULL,18640500,0,0,'Перечисление','2023-07-03 19:00:00',0,0),(86,NULL,1,56,NULL,37500000,0,0,'Перечисление','2023-01-15 19:00:00',0,0),(87,NULL,1,55,NULL,45000000,0,0,'Перечисление','2023-06-23 19:00:00',0,0),(88,NULL,1,54,NULL,75000000,0,0,'Перечисление','2023-06-08 19:00:00',0,0),(89,NULL,1,53,NULL,37500000,0,0,'Перечисление','2023-05-23 19:00:00',0,0),(90,NULL,1,52,NULL,37500000,0,0,'Перечисление','2023-05-10 19:00:00',0,0),(91,NULL,1,51,NULL,75000000,0,0,'Перечисление','2023-04-03 19:00:00',0,0),(92,NULL,1,50,NULL,37500000,0,0,'Перечисление','2023-03-13 19:00:00',0,0),(93,NULL,1,49,NULL,22500000,0,0,'Перечисление','2023-02-28 19:00:00',0,0),(94,NULL,1,48,NULL,22500000,0,0,'Перечисление','2023-01-27 19:00:00',0,0),(95,1,1,NULL,NULL,0,37501500,0,'Перечисление','2023-01-11 19:00:00',2,0),(96,1,1,NULL,NULL,0,10000000,0,'Перечисление','2023-01-29 19:00:00',2,0),(97,1,1,NULL,NULL,0,20001200,0,'Перечисление','2023-01-30 19:00:00',2,0),(98,1,1,NULL,NULL,0,10000000,0,'Перечисление','2023-01-30 19:00:00',2,0),(99,1,1,NULL,NULL,0,10000000,0,'Перечисление','2023-02-09 19:00:00',2,0),(100,1,1,NULL,NULL,0,17501500,0,'Перечисление','2023-03-06 19:00:00',2,0),(101,1,1,NULL,NULL,0,22500900,0,'Перечисление','2023-04-05 19:00:00',2,0),(102,1,1,NULL,NULL,0,22500900,0,'Перечисление','2023-04-09 19:00:00',2,0),(103,1,1,NULL,NULL,0,17501500,0,'Перечисление','2023-04-11 19:00:00',2,0),(104,1,1,NULL,NULL,0,20000000,0,'Перечисление','2023-04-30 19:00:00',2,0),(105,1,1,NULL,NULL,0,20000000,0,'Перечисление','2023-05-07 19:00:00',2,0),(106,1,1,NULL,NULL,0,55003000,0,'Перечисление','2023-06-04 19:00:00',2,0),(107,1,1,NULL,NULL,0,37501500,0,'Перечисление','2023-06-07 19:00:00',2,0),(108,NULL,1,57,NULL,67500000,0,0,'Перечисление','2022-12-30 19:00:00',0,0),(109,1,15,NULL,NULL,0,2664750,0,'Наличные деньги','2023-07-08 19:00:00',2,0),(110,NULL,28,58,NULL,300000,0,0,'Наличные деньги','2023-07-09 19:00:00',0,0),(111,1,28,NULL,NULL,0,300000,0,'Наличные деньги','2023-07-09 19:00:00',2,0),(112,3,8,NULL,NULL,0,200000,0,'Наличные деньги','2023-07-09 19:00:00',2,0),(115,4,14,NULL,NULL,0,4380000,0,'Наличные деньги','2023-07-09 19:00:00',2,0),(116,NULL,14,60,NULL,4200000,0,0,'Наличные деньги','2023-07-09 19:00:00',0,0),(117,1,9,NULL,NULL,0,956500,0,'Наличные деньги','2023-07-10 19:00:00',2,0),(118,NULL,34,59,NULL,1700000,0,0,'Перечисление','2023-07-10 19:00:00',0,0),(119,2,34,NULL,NULL,0,1700000,0,'Перечисление','2023-07-11 19:00:00',2,0),(120,NULL,3,61,NULL,4060800,0,0,'Перечисление','2023-07-11 19:00:00',0,0),(121,NULL,2,2,NULL,169069000,0,0,'Перечисление','2023-07-11 19:00:00',0,0);
/*!40000 ALTER TABLE `debts` ENABLE KEYS */;
UNLOCK TABLES;

--
-- Table structure for table `main_ord__item_tbl`
--

DROP TABLE IF EXISTS `main_ord__item_tbl`;
/*!40101 SET @saved_cs_client     = @@character_set_client */;
/*!40101 SET character_set_client = utf8 */;
CREATE TABLE `main_ord__item_tbl` (
  `id` int(50) NOT NULL AUTO_INCREMENT,
  `order_id` int(50) NOT NULL,
  `prod_name` varchar(250) NOT NULL,
  `count_name` int(100) NOT NULL,
  `date_name` date NOT NULL,
  `price_name` varchar(250) NOT NULL,
  `sale_name` varchar(250) NOT NULL,
  `sale_type` varchar(20) NOT NULL,
  `total_name` int(250) NOT NULL,
  `order_itm_sts` int(100) NOT NULL DEFAULT 0,
  PRIMARY KEY (`id`)
) ENGINE=InnoDB AUTO_INCREMENT=181 DEFAULT CHARSET=utf8;
/*!40101 SET character_set_client = @saved_cs_client */;

--
-- Dumping data for table `main_ord__item_tbl`
--

LOCK TABLES `main_ord__item_tbl` WRITE;
/*!40000 ALTER TABLE `main_ord__item_tbl` DISABLE KEYS */;
INSERT INTO `main_ord__item_tbl` VALUES (1,1,'4',500,'2023-07-06','2800','-20','percent',1120000,4),(2,1,'6',800,'2023-07-06','4000','-20','percent',2560000,4),(3,1,'7',300,'2023-07-06','5000','-20','percent',1200000,4),(4,2,'1',1980,'2023-07-06','100000','-30','percent',138600000,1),(5,2,'2',1200,'2023-07-06','25000','-30','percent',21000000,1),(6,2,'11',400,'2023-07-06','2500','-15','percent',850000,1),(7,2,'12',540,'2023-07-06','4000','-15','percent',1836000,1),(8,2,'13',300,'2023-07-06','5000','-15','percent',1275000,1),(9,2,'14',360,'2023-07-06','6000','-15','percent',1836000,1),(10,2,'15',240,'2023-07-06','8000','-15','percent',1632000,1),(11,2,'16',240,'2023-07-06','10000','-15','percent',2040000,1),(12,3,'1',10,'2023-07-07','100000','-22','percent',780000,4),(13,4,'17',200,'2023-07-07','4000','-5','percent',760000,4),(14,5,'1',60,'2023-07-05','100000','-28','percent',4320000,4),(15,5,'2',60,'2023-07-05','25000','-28','percent',1080000,4),(16,6,'7',100,'2023-07-05','5000','0','sum',500000,4),(17,7,'1',4,'2023-07-03','100000','-15','percent',340000,4),(18,7,'13',12,'2023-07-03','5000','0','percent',60000,4),(19,7,'14',12,'2023-07-03','6000','0','percent',72000,4),(20,8,'11',60,'2023-06-22','2500','0','sum',150000,4),(21,8,'12',36,'2023-06-22','4000','0','sum',144000,4),(22,8,'13',24,'2023-06-22','5000','0','sum',120000,4),(23,8,'14',24,'2023-06-22','6000','0','sum',144000,4),(24,8,'15',12,'2023-06-22','8000','0','sum',96000,4),(25,8,'16',12,'2023-06-22','10000','0','sum',120000,4),(26,8,'3',20,'2023-06-22','2500','0','sum',50000,4),(27,8,'4',20,'2023-06-22','2800','0','sum',56000,4),(28,8,'6',20,'2023-06-22','4000','0','sum',80000,4),(29,8,'7',40,'2023-06-22','5000','0','sum',200000,4),(30,8,'10',20,'2023-06-22','8500','0','sum',170000,4),(31,8,'9',20,'2023-06-22','4500','0','sum',90000,4),(32,8,'8',20,'2023-06-22','4500','0','sum',90000,4),(33,9,'12',18,'2023-06-20','4000','0','sum',72000,4),(34,9,'13',12,'2023-06-20','5000','0','sum',60000,4),(35,9,'14',12,'2023-06-20','6000','0','sum',72000,4),(36,9,'15',6,'2023-06-20','8000','0','sum',48000,4),(37,10,'11',450,'2023-06-19','2500','-20','percent',900000,4),(38,10,'12',270,'2023-06-19','4000','-20','percent',864000,4),(39,10,'13',180,'2023-06-19','5000','-20','percent',720000,4),(40,10,'14',180,'2023-06-19','6000','-20','percent',864000,4),(41,10,'15',90,'2023-06-19','8000','-20','percent',576000,4),(42,10,'16',90,'2023-06-19','10000','-20','percent',720000,4),(43,11,'11',150,'2023-06-19','2500','-15','percent',318750,4),(44,11,'12',180,'2023-06-19','4000','-15','percent',612000,4),(45,11,'14',180,'2023-06-19','6000','-15','percent',918000,4),(46,11,'15',120,'2023-06-19','8000','-15','percent',816000,4),(47,12,'5',700,'2023-06-17','3000','-40','percent',1260000,4),(48,12,'6',100,'2023-06-17','4000','-40','percent',240000,4),(49,13,'1',10,'2023-06-17','100000','-25','percent',750000,4),(50,13,'7',60,'2023-06-17','5000','-25','percent',225000,4),(51,13,'12',198,'2023-06-17','4000','-10','percent',712800,4),(52,13,'14',132,'2023-06-17','6000','-10','percent',712800,4),(53,13,'16',66,'2023-06-17','10000','-10','percent',594000,4),(54,14,'1',56,'2023-06-10','100000','-30','percent',3920000,4),(55,15,'1',56,'2023-06-09','100000','-30','percent',3920000,4),(56,15,'6',200,'2023-06-09','4000','-40','percent',480000,4),(57,16,'1',20,'2023-06-08','100000','-20','percent',1600000,4),(58,16,'11',300,'2023-06-08','2500','-10','percent',675000,4),(59,16,'12',180,'2023-06-08','4000','-10','percent',648000,4),(60,16,'13',120,'2023-06-08','5000','-10','percent',540000,4),(61,16,'14',120,'2023-06-08','6000','-10','percent',648000,4),(62,16,'15',30,'2023-06-08','8000','-10','percent',216000,4),(63,16,'16',30,'2023-06-08','10000','-10','percent',270000,4),(64,17,'11',150,'2023-06-06','2500','-15','percent',318750,4),(65,17,'12',180,'2023-06-06','4000','-15','percent',612000,4),(66,17,'14',180,'2023-06-06','6000','-15','percent',918000,4),(67,17,'15',120,'2023-06-06','8000','-15','percent',816000,4),(68,18,'11',30,'2023-06-09','2500','0','sum',75000,4),(69,19,'1',1,'2023-06-06','100000','-10','percent',90000,4),(70,20,'1',10,'2023-06-04','100000','-30','percent',700000,4),(71,21,'1',5,'2023-06-02','100000','0','sum',500000,4),(72,22,'1',70,'2023-06-26','100000','-22','percent',5460000,4),(73,23,'4',10,'2023-07-01','2800','-40','percent',16800,4),(74,23,'5',10,'2023-07-01','3000','-40','percent',18000,4),(75,23,'6',20,'2023-07-01','4000','-40','percent',48000,4),(76,23,'7',20,'2023-07-01','5000','-40','percent',60000,4),(77,23,'8',20,'2023-07-01','4500','-40','percent',54000,4),(78,23,'9',20,'2023-07-01','4500','-40','percent',54000,4),(79,23,'10',20,'2023-07-01','8500','-40','percent',102000,4),(80,23,'1',56,'2023-07-01','100000','-30','percent',3920000,4),(81,24,'1',50,'2023-05-23','100000','-22','percent',3900000,4),(82,25,'1',60,'2023-05-05','100000','-28','percent',4320000,4),(83,25,'2',60,'2023-05-05','25000','-28','percent',1080000,4),(84,26,'6',20,'2023-07-08','4000','0','sum',80000,4),(85,26,'7',10,'2023-07-08','5000','0','sum',50000,4),(86,26,'1',1,'2023-07-08','100000','0','sum',100000,4),(87,26,'11',30,'2023-07-08','2500','0','percent',75000,4),(88,26,'13',12,'2023-07-08','5000','0','percent',60000,4),(89,27,'7',140,'2023-05-12','5000','0','sum',700000,4),(90,28,'12',18,'2023-05-12','4000','0','sum',72000,4),(91,28,'13',12,'2023-05-12','5000','0','sum',60000,4),(92,28,'14',12,'2023-05-12','6000','0','sum',72000,4),(93,29,'1',9,'2023-05-12','100000','-25','percent',675000,4),(94,30,'15',12,'2023-05-20','8000','0','sum',96000,4),(95,30,'16',6,'2023-05-20','10000','0','sum',60000,4),(96,31,'1',2,'2023-05-15','100000','-25','percent',150000,4),(97,31,'6',20,'2023-05-15','4000','0','sum',80000,4),(98,31,'3',20,'2023-05-15','2500','0','sum',50000,4),(99,31,'5',20,'2023-05-15','3000','0','sum',60000,4),(100,31,'7',20,'2023-05-15','5000','0','sum',100000,4),(101,32,'7',40,'2023-05-18','5000','0','sum',200000,4),(102,33,'1',2,'2023-05-19','100000','-20','percent',160000,4),(103,34,'1',30,'2023-05-18','100000','-25','percent',2250000,4),(104,35,'11',450,'2023-05-19','2500','-10','percent',1012500,4),(105,35,'12',270,'2023-05-19','4000','-10','percent',972000,4),(106,35,'14',180,'2023-05-19','6000','-10','percent',972000,4),(107,36,'1',2,'2023-05-19','100000','-20','percent',160000,4),(108,36,'7',50,'2023-05-19','5000','0','sum',250000,4),(109,37,'1',10,'2023-05-19','100000','-25','percent',750000,4),(110,38,'11',150,'2023-05-23','2500','-10','percent',337500,4),(111,38,'12',90,'2023-05-23','4000','-10','percent',324000,4),(112,38,'13',60,'2023-05-23','5000','-10','percent',270000,4),(113,38,'14',60,'2023-05-23','6000','-10','percent',324000,4),(114,38,'15',30,'2023-05-23','8000','-10','percent',216000,4),(115,38,'16',30,'2023-05-23','10000','-10','percent',270000,4),(116,39,'11',1620,'2023-05-29','2500','-10','percent',3645000,4),(117,39,'12',1944,'2023-05-29','4000','-10','percent',6998400,4),(118,39,'13',648,'2023-05-29','5000','-10','percent',2916000,4),(119,39,'14',648,'2023-05-29','6000','-10','percent',3499200,4),(120,39,'15',162,'2023-05-29','8000','-10','percent',1166400,4),(121,39,'16',162,'2023-05-29','10000','-10','percent',1458000,4),(122,40,'11',30,'2023-05-25','2500','0','sum',75000,4),(123,40,'12',18,'2023-05-25','4000','0','sum',72000,4),(124,40,'13',12,'2023-05-25','5000','0','sum',60000,4),(125,40,'14',12,'2023-05-25','6000','0','sum',72000,4),(126,40,'15',6,'2023-05-25','8000','0','sum',48000,4),(127,40,'16',12,'2023-05-25','10000','0','sum',120000,4),(128,41,'4',20,'2023-05-31','2800','0','sum',56000,4),(129,41,'7',10,'2023-05-31','5000','0','sum',50000,4),(130,41,'11',30,'2023-05-31','2500','0','sum',75000,4),(131,41,'12',18,'2023-05-31','4000','0','sum',72000,4),(132,41,'14',12,'2023-05-31','6000','0','sum',72000,4),(133,41,'15',6,'2023-05-31','8000','0','sum',48000,4),(134,41,'16',6,'2023-05-31','10000','0','sum',60000,4),(135,42,'4',20,'2023-05-30','2800','0','sum',56000,4),(136,42,'7',20,'2023-05-30','5000','0','sum',100000,4),(137,43,'3',40,'2023-05-31','2500','-10','percent',90000,4),(138,43,'6',40,'2023-05-31','4000','-10','percent',144000,4),(139,43,'4',40,'2023-05-31','2800','-10','percent',100800,4),(140,43,'5',40,'2023-05-31','3000','-10','percent',108000,4),(141,43,'7',40,'2023-05-31','5000','-10','percent',180000,4),(142,43,'1',10,'2023-05-31','100000','-10','percent',900000,4),(143,43,'11',60,'2023-05-31','2500','-10','percent',135000,4),(144,43,'12',36,'2023-05-31','4000','-10','percent',129600,4),(145,43,'13',24,'2023-05-31','5000','-10','percent',108000,4),(146,43,'14',24,'2023-05-31','6000','-10','percent',129600,4),(147,43,'15',12,'2023-05-31','8000','-10','percent',86400,4),(148,43,'16',12,'2023-05-31','10000','-10','percent',108000,4),(149,44,'1',10,'2023-05-31','100000','-10','percent',900000,4),(150,44,'11',30,'2023-05-31','2500','0','sum',75000,4),(151,44,'13',48,'2023-05-31','5000','0','sum',240000,4),(152,44,'14',60,'2023-05-31','6000','0','sum',360000,4),(153,45,'6',20,'2023-05-31','4000','0','sum',80000,4),(154,45,'14',12,'2023-05-31','6000','0','sum',72000,4),(155,46,'1',200,'2023-05-31','100000','-29','percent',14200000,4),(156,47,'11',900,'2023-07-04','2500','-15','percent',1912500,4),(157,47,'12',1080,'2023-07-04','4000','-15','percent',3672000,4),(158,47,'13',960,'2023-07-04','5000','-15','percent',4080000,4),(159,47,'14',720,'2023-07-04','6000','-15','percent',3672000,4),(160,47,'15',480,'2023-07-04','8000','-15','percent',3264000,4),(161,47,'16',240,'2023-07-04','10000','-15','percent',2040000,4),(162,48,'1',300,'2023-01-28','100000','-25','percent',22500000,4),(163,49,'1',300,'2023-03-01','100000','-25','percent',22500000,4),(164,50,'1',500,'2023-03-14','100000','-25','percent',37500000,4),(165,51,'1',1000,'2023-04-04','100000','-25','percent',75000000,4),(166,52,'1',500,'2023-05-11','100000','-25','percent',37500000,4),(167,53,'1',500,'2023-05-24','100000','-25','percent',37500000,4),(168,54,'1',1000,'2023-06-09','100000','-25','percent',75000000,4),(169,55,'1',600,'2023-06-24','100000','-25','percent',45000000,4),(170,56,'1',500,'2023-01-16','100000','-25','percent',37500000,4),(171,57,'1',900,'2022-12-31','100000','-25','percent',67500000,4),(172,58,'1',4,'2023-07-10','100000','-25','percent',300000,4),(173,59,'1',20,'2023-07-10','100000','-15','percent',1700000,4),(174,60,'1',60,'2023-07-10','100000','-30','percent',4200000,4),(175,61,'3',120,'2023-07-11','2500','-20','percent',240000,1),(176,61,'4',120,'2023-07-11','2800','-20','percent',268800,1),(177,61,'5',120,'2023-07-11','3000','-20','percent',288000,1),(178,61,'2',120,'2023-07-11','25000','-20','percent',2400000,1),(179,61,'7',120,'2023-07-11','5000','-20','percent',480000,1),(180,61,'6',120,'2023-07-11','4000','-20','percent',384000,1);
/*!40000 ALTER TABLE `main_ord__item_tbl` ENABLE KEYS */;
UNLOCK TABLES;

--
-- Table structure for table `main_ord_tbl`
--

DROP TABLE IF EXISTS `main_ord_tbl`;
/*!40101 SET @saved_cs_client     = @@character_set_client */;
/*!40101 SET character_set_client = utf8 */;
CREATE TABLE `main_ord_tbl` (
  `id` int(100) NOT NULL AUTO_INCREMENT,
  `contractor` varchar(250) NOT NULL,
  `sale_agent` varchar(250) NOT NULL,
  `ord_date` date NOT NULL,
  `ord_deliver_date` date NOT NULL,
  `payment_type` varchar(250) NOT NULL,
  `transaction_amount` int(100) NOT NULL,
  `order_status` int(100) NOT NULL DEFAULT 0,
  PRIMARY KEY (`id`)
) ENGINE=InnoDB AUTO_INCREMENT=62 DEFAULT CHARSET=utf8;
/*!40101 SET character_set_client = @saved_cs_client */;

--
-- Dumping data for table `main_ord_tbl`
--

LOCK TABLES `main_ord_tbl` WRITE;
/*!40000 ALTER TABLE `main_ord_tbl` DISABLE KEYS */;
INSERT INTO `main_ord_tbl` VALUES (1,'3','2','2023-07-06','2023-07-06','Перечисление',4880000,4),(2,'2','1','2023-07-06','2023-07-12','Перечисление',169069000,1),(3,'4','4','2023-07-07','2023-07-07','Перечисление',780000,4),(4,'5','2','2023-07-07','2023-07-07','Наличные деньги',760000,4),(5,'6','1','2023-07-05','2023-07-05','Наличные деньги',5400000,4),(6,'7','2','2023-07-05','2023-07-05','Наличные деньги',500000,4),(7,'10','3','2023-07-03','2023-07-03','Наличные деньги',472000,4),(8,'8','3','2023-06-22','2023-06-22','Наличные деньги',1510000,4),(9,'13','3','2023-06-20','2023-06-20','Наличные деньги',252000,4),(10,'14','4','2023-06-19','2023-06-19','Наличные деньги',4644000,4),(11,'15','1','2023-06-19','2023-06-19','Наличные деньги',2664750,4),(12,'14','4','2023-06-17','2023-06-17','Наличные деньги',1500000,4),(13,'16','1','2023-06-17','2023-06-17','Наличные деньги',2994600,4),(14,'14','4','2023-06-10','2023-06-10','Наличные деньги',3920000,4),(15,'14','4','2023-06-09','2023-06-09','Наличные деньги',4400000,4),(16,'17','1','2023-06-08','2023-06-08','Наличные деньги',4597000,4),(17,'15','1','2023-06-06','2023-06-06','Наличные деньги',2664750,4),(18,'18','3','2023-06-09','2023-06-09','Наличные деньги',75000,4),(19,'19','2','2023-06-06','2023-06-06','Наличные деньги',90000,4),(20,'14','4','2023-06-04','2023-06-04','Наличные деньги',700000,4),(21,'20','2','2023-06-02','2023-06-02','Наличные деньги',500000,4),(22,'21','4','2023-06-26','2023-06-26','Наличные деньги',5460000,4),(23,'14','4','2023-07-01','2023-07-01','Наличные деньги',4272800,4),(24,'21','4','2023-05-23','2023-05-23','Наличные деньги',3900000,4),(25,'6','1','2023-05-05','2023-05-05','Наличные деньги',5400000,4),(26,'33','3','2023-07-08','2023-07-08','Наличные деньги',365000,4),(27,'32','1','2023-05-12','2023-05-12','Наличные деньги',700000,4),(28,'31','3','2023-05-12','2023-05-12','Наличные деньги',204000,4),(29,'28','1','2023-05-12','2023-05-12','Наличные деньги',675000,4),(30,'29','3','2023-05-20','2023-05-20','Наличные деньги',156000,4),(31,'30','3','2023-05-15','2023-05-15','Наличные деньги',440000,4),(32,'29','3','2023-05-18','2023-05-18','Наличные деньги',200000,4),(33,'27','3','2023-05-19','2023-05-19','Наличные деньги',160000,4),(34,'22','1','2023-05-18','2023-05-18','Наличные деньги',2250000,4),(35,'9','1','2023-05-19','2023-05-19','Наличные деньги',2956500,4),(36,'28','1','2023-05-19','2023-05-19','Наличные деньги',410000,4),(37,'28','1','2023-05-19','2023-05-19','Наличные деньги',750000,4),(38,'22','1','2023-05-23','2023-05-23','Наличные деньги',1741500,4),(39,'12','1','2023-05-29','2023-05-29','Перечисление',19683000,4),(40,'27','3','2023-05-25','2023-05-25','Наличные деньги',447000,4),(41,'26','3','2023-05-31','2023-05-31','Наличные деньги',433000,4),(42,'25','3','2023-05-30','2023-05-30','Наличные деньги',156000,4),(43,'24','2','2023-05-31','2023-05-31','Наличные деньги',2219400,4),(44,'23','2','2023-05-31','2023-05-31','Наличные деньги',1575000,4),(45,'19','2','2023-05-31','2023-05-31','Наличные деньги',152000,4),(46,'22','1','2023-05-31','2023-05-31','Наличные деньги',14200000,4),(47,'3','2','2023-07-04','2023-07-04','Перечисление',18640500,4),(48,'1','1','2023-01-28','2023-01-28','Перечисление',22500000,4),(49,'1','1','2023-03-01','2023-03-01','Перечисление',22500000,4),(50,'1','1','2023-03-14','2023-03-14','Перечисление',37500000,4),(51,'1','1','2023-04-04','2023-04-04','Перечисление',75000000,4),(52,'1','1','2023-05-11','2023-05-11','Перечисление',37500000,4),(53,'1','1','2023-05-24','2023-05-24','Перечисление',37500000,4),(54,'1','1','2023-06-09','2023-06-09','Перечисление',75000000,4),(55,'1','1','2023-06-24','2023-06-24','Перечисление',45000000,4),(56,'1','1','2023-01-16','2023-01-16','Перечисление',37500000,4),(57,'1','1','2022-12-31','2022-12-31','Перечисление',67500000,4),(58,'28','1','2023-07-10','2023-07-10','Наличные деньги',300000,4),(59,'34','2','2023-07-10','2023-07-11','Перечисление',1700000,4),(60,'14','4','2023-07-10','2023-07-10','Наличные деньги',4200000,4),(61,'3','2','2023-07-11','2023-07-12','Перечисление',4060800,1);
/*!40000 ALTER TABLE `main_ord_tbl` ENABLE KEYS */;
UNLOCK TABLES;

--
-- Table structure for table `order_item_product`
--

DROP TABLE IF EXISTS `order_item_product`;
/*!40101 SET @saved_cs_client     = @@character_set_client */;
/*!40101 SET character_set_client = utf8 */;
CREATE TABLE `order_item_product` (
  `id` int(50) NOT NULL AUTO_INCREMENT,
  `order_id` int(50) NOT NULL,
  `prod_name` varchar(250) NOT NULL,
  `count_name` int(100) NOT NULL,
  `date_name` date NOT NULL,
  `price_name` varchar(250) NOT NULL,
  `total_name` int(250) NOT NULL,
  `store_itm_sts` int(100) NOT NULL DEFAULT 0,
  PRIMARY KEY (`id`)
) ENGINE=InnoDB AUTO_INCREMENT=30 DEFAULT CHARSET=utf8;
/*!40101 SET character_set_client = @saved_cs_client */;

--
-- Dumping data for table `order_item_product`
--

LOCK TABLES `order_item_product` WRITE;
/*!40000 ALTER TABLE `order_item_product` DISABLE KEYS */;
INSERT INTO `order_item_product` VALUES (1,1,'11',4500,'2023-07-06','1250',5625000,1),(2,1,'12',2700,'2023-07-06','2000',5400000,1),(3,1,'13',2400,'2023-07-06','2500',6000000,1),(4,1,'14',1800,'2023-07-06','3000',5400000,1),(5,2,'1',1064,'2023-07-06','50000',53200000,1),(7,3,'2',1215,'2023-07-10','12500',15187500,1),(8,4,'3',2180,'2023-07-10','1250',2725000,1),(9,4,'4',40,'2023-07-10','1400',56000,1),(10,4,'5',1540,'2023-07-10','1500',2310000,1),(11,4,'6',300,'2023-07-10','200',60000,1),(12,4,'7',7220,'2023-07-10','2500',18050000,1),(13,4,'8',860,'2023-07-10','2250',1935000,1),(14,4,'9',1260,'2023-07-10','2250',2835000,1),(15,4,'10',2740,'2023-07-10','4250',11645000,1),(16,5,'1',284,'2023-07-10','50000',14200000,1),(17,6,'1',280,'2023-07-10','50000',14000000,1),(18,7,'4',120,'2023-07-11','1400',168000,1),(19,7,'5',300,'2023-07-11','1500',450000,1),(20,8,'1',280,'2023-07-11','50000',14000000,1),(21,9,'11',18000,'2023-07-12','1250',22500000,1),(22,9,'12',5400,'2023-07-12','2000',10800000,1),(23,9,'13',3840,'2023-07-12','2500',9600000,1),(24,9,'14',3240,'2023-07-12','3000',9720000,1),(25,10,'1',132,'2023-07-12','50000',6600000,1),(26,10,'2',130,'2023-07-12','12500',1625000,1),(27,11,'12',5400,'2023-07-12','2000',10800000,1),(28,11,'13',4320,'2023-07-12','2500',10800000,1),(29,11,'14',3960,'2023-07-12','3000',11880000,1);
/*!40000 ALTER TABLE `order_item_product` ENABLE KEYS */;
UNLOCK TABLES;

--
-- Table structure for table `order_tbl`
--

DROP TABLE IF EXISTS `order_tbl`;
/*!40101 SET @saved_cs_client     = @@character_set_client */;
/*!40101 SET character_set_client = utf8 */;
CREATE TABLE `order_tbl` (
  `id` int(100) NOT NULL AUTO_INCREMENT,
  `supplier_id` int(100) NOT NULL,
  `sum_order` varchar(100) NOT NULL,
  `date_order` date NOT NULL,
  `order_note` varchar(250) NOT NULL DEFAULT 'нет',
  `status_order` varchar(250) NOT NULL DEFAULT '0',
  PRIMARY KEY (`id`)
) ENGINE=InnoDB AUTO_INCREMENT=12 DEFAULT CHARSET=utf8;
/*!40101 SET character_set_client = @saved_cs_client */;

--
-- Dumping data for table `order_tbl`
--

LOCK TABLES `order_tbl` WRITE;
/*!40000 ALTER TABLE `order_tbl` DISABLE KEYS */;
INSERT INTO `order_tbl` VALUES (1,2,'22425000','2023-07-06','Приход продукции на склад','1'),(2,1,'53200000','2023-07-06','Приход продукции на склад','1'),(3,1,'15187500','2023-07-10','Приход продукции на склад','1'),(4,1,'39616000','2023-07-10','Приход продукции на склад','1'),(5,1,'14200000','2023-07-10','Приход продукции на склад','1'),(6,1,'14000000','2023-07-10','Приход продукции на склад','1'),(7,1,'618000','2023-07-11','Приход продукции на склад','1'),(8,1,'14000000','2023-07-11','Приход продукции на склад','1'),(9,2,'52620000','2023-07-12','Приход продукции на склад','1'),(10,1,'8225000','2023-07-12','Приход продукции на склад','1'),(11,2,'33480000','2023-07-12','Приход продукции на склад','1');
/*!40000 ALTER TABLE `order_tbl` ENABLE KEYS */;
UNLOCK TABLES;

--
-- Table structure for table `price_item_tbl`
--

DROP TABLE IF EXISTS `price_item_tbl`;
/*!40101 SET @saved_cs_client     = @@character_set_client */;
/*!40101 SET character_set_client = utf8 */;
CREATE TABLE `price_item_tbl` (
  `id` int(100) NOT NULL AUTO_INCREMENT,
  `price_id` int(255) NOT NULL,
  `name` varchar(255) NOT NULL,
  `cost` int(255) NOT NULL,
  PRIMARY KEY (`id`)
) ENGINE=InnoDB AUTO_INCREMENT=18 DEFAULT CHARSET=utf8;
/*!40101 SET character_set_client = @saved_cs_client */;

--
-- Dumping data for table `price_item_tbl`
--

LOCK TABLES `price_item_tbl` WRITE;
/*!40000 ALTER TABLE `price_item_tbl` DISABLE KEYS */;
INSERT INTO `price_item_tbl` VALUES (1,1,'1',100000),(2,1,'2',25000),(3,1,'3',2500),(4,1,'4',2800),(5,1,'5',3000),(6,1,'6',4000),(7,1,'7',5000),(8,1,'8',4500),(9,1,'9',4500),(10,1,'10',8500),(11,1,'11',2500),(12,1,'12',4000),(13,1,'13',5000),(14,1,'14',6000),(15,1,'15',8000),(16,1,'16',10000),(17,1,'17',4000);
/*!40000 ALTER TABLE `price_item_tbl` ENABLE KEYS */;
UNLOCK TABLES;

--
-- Table structure for table `price_tbl`
--

DROP TABLE IF EXISTS `price_tbl`;
/*!40101 SET @saved_cs_client     = @@character_set_client */;
/*!40101 SET character_set_client = utf8 */;
CREATE TABLE `price_tbl` (
  `id` int(100) NOT NULL AUTO_INCREMENT,
  `date` date NOT NULL,
  `status` varchar(100) NOT NULL DEFAULT '1',
  PRIMARY KEY (`id`)
) ENGINE=InnoDB AUTO_INCREMENT=2 DEFAULT CHARSET=utf8;
/*!40101 SET character_set_client = @saved_cs_client */;

--
-- Dumping data for table `price_tbl`
--

LOCK TABLES `price_tbl` WRITE;
/*!40000 ALTER TABLE `price_tbl` DISABLE KEYS */;
INSERT INTO `price_tbl` VALUES (1,'2023-07-06','1');
/*!40000 ALTER TABLE `price_tbl` ENABLE KEYS */;
UNLOCK TABLES;

--
-- Table structure for table `products_tbl`
--

DROP TABLE IF EXISTS `products_tbl`;
/*!40101 SET @saved_cs_client     = @@character_set_client */;
/*!40101 SET character_set_client = utf8 */;
CREATE TABLE `products_tbl` (
  `id` int(100) NOT NULL AUTO_INCREMENT,
  `name` varchar(250) NOT NULL,
  `unit` varchar(250) NOT NULL,
  `sts` int(10) NOT NULL DEFAULT 1,
  PRIMARY KEY (`id`)
) ENGINE=InnoDB AUTO_INCREMENT=18 DEFAULT CHARSET=utf8;
/*!40101 SET character_set_client = @saved_cs_client */;

--
-- Dumping data for table `products_tbl`
--

LOCK TABLES `products_tbl` WRITE;
/*!40000 ALTER TABLE `products_tbl` DISABLE KEYS */;
INSERT INTO `products_tbl` VALUES (1,'Пластырь One Aid PVC 19x72 №500 ','шт',1),(2,'Пластырь One Aid PVC 19x72 №100','шт',1),(3,'Пластырь One Aid PVC 19x72 №8','шт',1),(4,'Пластырь One Aid PVC 25x72 №7','шт',1),(5,'Пластырь One Aid PVC 38x72 №5','шт',1),(6,'Пластырь One Aid PVC MIX №12','шт',1),(7,'Пластырь One Aid NW 60x70 №3','шт',1),(8,'Пластырь One Aid PU 19x72 №5','шт',1),(9,'Пластырь One Aid PU 38x72 №3','шт',1),(10,'Пластырь One Aid PU MIX №9','шт',1),(11,'Рулонный пластырь на полиэтиленовой основе 1.25cm x 5m','шт',1),(12,'Рулонный пластырь на полиэтиленовой основе 2cm x 5m','шт',1),(13,'Рулонный пластырь на полиэтиленовой основе 2.5cm x 5m','шт',1),(14,'Рулонный пластырь на полиэтиленовой основе 3cm x 5m','шт',1),(15,'Рулонный пластырь на полиэтиленовой основе 4cm x 5m','шт',1),(16,'Рулонный пластырь на полиэтиленовой основе 5cm x 5m','шт',1),(17,'Одноразовые салфетки на унитаз №10','шт.',1);
/*!40000 ALTER TABLE `products_tbl` ENABLE KEYS */;
UNLOCK TABLES;

--
-- Table structure for table `rest_tbl`
--

DROP TABLE IF EXISTS `rest_tbl`;
/*!40101 SET @saved_cs_client     = @@character_set_client */;
/*!40101 SET character_set_client = utf8 */;
CREATE TABLE `rest_tbl` (
  `id` int(100) NOT NULL AUTO_INCREMENT,
  `prod_id` int(100) NOT NULL,
  `count_store` int(100) NOT NULL DEFAULT 0,
  `count_archived_order` int(100) NOT NULL DEFAULT 0,
  `count_new_order` int(100) NOT NULL DEFAULT 0,
  `count_returned_order` int(100) NOT NULL DEFAULT 0,
  PRIMARY KEY (`id`)
) ENGINE=InnoDB AUTO_INCREMENT=18 DEFAULT CHARSET=utf8;
/*!40101 SET character_set_client = @saved_cs_client */;

--
-- Dumping data for table `rest_tbl`
--

LOCK TABLES `rest_tbl` WRITE;
/*!40000 ALTER TABLE `rest_tbl` DISABLE KEYS */;
INSERT INTO `rest_tbl` VALUES (1,1,2040,8908,0,0),(2,2,1345,1440,0,0),(3,3,2180,200,0,0),(4,4,160,730,0,0),(5,5,1840,890,0,0),(6,6,300,1360,0,0),(7,7,7220,970,0,0),(8,8,860,40,0,0),(9,9,1260,40,0,0),(10,10,2740,40,0,0),(11,11,22500,4840,0,0),(12,12,13500,5076,0,0),(13,13,10560,2424,0,0),(14,14,9000,2940,0,0),(15,15,0,1326,0,0),(16,16,0,906,0,0),(17,17,0,200,0,0);
/*!40000 ALTER TABLE `rest_tbl` ENABLE KEYS */;
UNLOCK TABLES;

--
-- Table structure for table `return_item_tbl`
--

DROP TABLE IF EXISTS `return_item_tbl`;
/*!40101 SET @saved_cs_client     = @@character_set_client */;
/*!40101 SET character_set_client = utf8 */;
CREATE TABLE `return_item_tbl` (
  `id` int(50) NOT NULL AUTO_INCREMENT,
  `return_id` int(50) NOT NULL,
  `prod_name` varchar(250) NOT NULL,
  `count_name` int(100) NOT NULL,
  `date_name` date NOT NULL,
  `price_name` varchar(250) NOT NULL,
  `sale_name` varchar(250) NOT NULL,
  `total_name` int(250) NOT NULL,
  `return_itm_sts` int(100) NOT NULL DEFAULT 0,
  PRIMARY KEY (`id`)
) ENGINE=InnoDB DEFAULT CHARSET=utf8;
/*!40101 SET character_set_client = @saved_cs_client */;

--
-- Dumping data for table `return_item_tbl`
--

LOCK TABLES `return_item_tbl` WRITE;
/*!40000 ALTER TABLE `return_item_tbl` DISABLE KEYS */;
/*!40000 ALTER TABLE `return_item_tbl` ENABLE KEYS */;
UNLOCK TABLES;

--
-- Table structure for table `return_list`
--

DROP TABLE IF EXISTS `return_list`;
/*!40101 SET @saved_cs_client     = @@character_set_client */;
/*!40101 SET character_set_client = utf8 */;
CREATE TABLE `return_list` (
  `id` int(100) NOT NULL AUTO_INCREMENT,
  `contractor` varchar(250) NOT NULL,
  `sale_agent` varchar(250) NOT NULL,
  `return_date` date NOT NULL,
  `payment_type` varchar(250) CHARACTER SET utf8mb4 NOT NULL,
  `transaction_amount` int(100) NOT NULL,
  `return_status` int(100) NOT NULL DEFAULT 0,
  PRIMARY KEY (`id`)
) ENGINE=InnoDB DEFAULT CHARSET=utf8;
/*!40101 SET character_set_client = @saved_cs_client */;

--
-- Dumping data for table `return_list`
--

LOCK TABLES `return_list` WRITE;
/*!40000 ALTER TABLE `return_list` DISABLE KEYS */;
/*!40000 ALTER TABLE `return_list` ENABLE KEYS */;
UNLOCK TABLES;

--
-- Table structure for table `settlements`
--

DROP TABLE IF EXISTS `settlements`;
/*!40101 SET @saved_cs_client     = @@character_set_client */;
/*!40101 SET character_set_client = utf8 */;
CREATE TABLE `settlements` (
  `id` int(50) NOT NULL AUTO_INCREMENT,
  `id_counterpartie` int(100) NOT NULL,
  `debt` int(250) NOT NULL DEFAULT 0,
  `prepayment` int(250) NOT NULL DEFAULT 0,
  `status` int(100) NOT NULL DEFAULT 0,
  PRIMARY KEY (`id`)
) ENGINE=InnoDB AUTO_INCREMENT=34 DEFAULT CHARSET=utf8;
/*!40101 SET character_set_client = @saved_cs_client */;

--
-- Dumping data for table `settlements`
--

LOCK TABLES `settlements` WRITE;
/*!40000 ALTER TABLE `settlements` DISABLE KEYS */;
INSERT INTO `settlements` VALUES (1,3,27581300,0,0),(2,10,472000,0,0),(3,7,500000,0,0),(4,6,10800000,0,0),(5,5,760000,0,0),(6,4,780000,0,0),(7,8,1510000,0,0),(8,13,252000,0,0),(9,14,23636800,0,0),(10,15,5329500,0,0),(11,16,2994600,0,0),(12,17,4597000,0,0),(13,18,75000,0,0),(14,19,242000,0,0),(15,20,500000,0,0),(16,21,9360000,0,0),(17,33,365000,0,0),(18,32,700000,0,0),(19,31,204000,0,0),(20,28,2135000,0,0),(21,29,356000,0,0),(22,30,440000,0,0),(23,27,607000,0,0),(24,22,18191500,0,0),(25,9,2956500,0,0),(26,12,19683000,0,0),(27,26,433000,0,0),(28,25,156000,0,0),(29,24,2219400,0,0),(30,23,1575000,0,0),(31,1,457500000,0,0),(32,34,4900000,0,0),(33,2,169069000,0,0);
/*!40000 ALTER TABLE `settlements` ENABLE KEYS */;
UNLOCK TABLES;

--
-- Table structure for table `state_in`
--

DROP TABLE IF EXISTS `state_in`;
/*!40101 SET @saved_cs_client     = @@character_set_client */;
/*!40101 SET character_set_client = utf8 */;
CREATE TABLE `state_in` (
  `id` int(100) NOT NULL AUTO_INCREMENT,
  `name` varchar(250) NOT NULL,
  `sts` int(100) NOT NULL,
  PRIMARY KEY (`id`)
) ENGINE=InnoDB DEFAULT CHARSET=utf8;
/*!40101 SET character_set_client = @saved_cs_client */;

--
-- Dumping data for table `state_in`
--

LOCK TABLES `state_in` WRITE;
/*!40000 ALTER TABLE `state_in` DISABLE KEYS */;
/*!40000 ALTER TABLE `state_in` ENABLE KEYS */;
UNLOCK TABLES;

--
-- Table structure for table `state_out`
--

DROP TABLE IF EXISTS `state_out`;
/*!40101 SET @saved_cs_client     = @@character_set_client */;
/*!40101 SET character_set_client = utf8 */;
CREATE TABLE `state_out` (
  `id` int(100) NOT NULL AUTO_INCREMENT,
  `name` varchar(250) NOT NULL,
  `sts` int(100) NOT NULL,
  PRIMARY KEY (`id`)
) ENGINE=InnoDB DEFAULT CHARSET=utf8;
/*!40101 SET character_set_client = @saved_cs_client */;

--
-- Dumping data for table `state_out`
--

LOCK TABLES `state_out` WRITE;
/*!40000 ALTER TABLE `state_out` DISABLE KEYS */;
/*!40000 ALTER TABLE `state_out` ENABLE KEYS */;
UNLOCK TABLES;

--
-- Table structure for table `supplier`
--

DROP TABLE IF EXISTS `supplier`;
/*!40101 SET @saved_cs_client     = @@character_set_client */;
/*!40101 SET character_set_client = utf8 */;
CREATE TABLE `supplier` (
  `id` int(50) NOT NULL AUTO_INCREMENT,
  `id_supplier` int(11) NOT NULL,
  `come_id` int(50) NOT NULL DEFAULT 0,
  `credit` int(100) NOT NULL DEFAULT 0,
  `debt` int(100) NOT NULL DEFAULT 0,
  `payment_type` varchar(250) NOT NULL DEFAULT 'Перечисление',
  `order_date` timestamp NOT NULL DEFAULT current_timestamp(),
  `status` int(50) NOT NULL DEFAULT 0,
  `del` int(10) NOT NULL DEFAULT 0,
  PRIMARY KEY (`id`)
) ENGINE=InnoDB AUTO_INCREMENT=27 DEFAULT CHARSET=utf8;
/*!40101 SET character_set_client = @saved_cs_client */;

--
-- Dumping data for table `supplier`
--

LOCK TABLES `supplier` WRITE;
/*!40000 ALTER TABLE `supplier` DISABLE KEYS */;
INSERT INTO `supplier` VALUES (4,1,2,6160000,0,'Перечисление','2023-07-04 19:00:00',1,0),(9,1,5,1400000,0,'Перечисление','2023-07-05 19:00:00',1,0),(10,1,6,3200000,0,'Перечисление','2023-07-05 19:00:00',1,0),(11,1,7,90000,0,'Перечисление','2023-07-05 19:00:00',1,0),(12,1,8,48000000,0,'Перечисление','2023-07-05 19:00:00',1,0),(13,1,0,0,300000,'Перечисление','2023-07-05 19:00:00',0,0),(15,2,1,22425000,0,'Перечисление','2023-07-05 19:00:00',1,0),(16,1,2,53200000,0,'Перечисление','2023-07-05 19:00:00',1,0),(17,1,4,39616000,0,'Перечисление','2023-07-09 19:00:00',1,0),(19,1,3,15187500,0,'Перечисление','2023-07-09 19:00:00',1,0),(20,1,5,14200000,0,'Перечисление','2023-07-09 19:00:00',1,0),(21,1,6,14000000,0,'Перечисление','2023-07-09 19:00:00',1,0),(22,1,7,618000,0,'Перечисление','2023-07-10 19:00:00',1,0),(23,1,8,14000000,0,'Перечисление','2023-07-10 19:00:00',1,0),(24,2,9,52620000,0,'Перечисление','2023-07-11 19:00:00',1,0),(25,1,10,8225000,0,'Перечисление','2023-07-11 19:00:00',1,0),(26,2,11,33480000,0,'Перечисление','2023-07-11 19:00:00',1,0);
/*!40000 ALTER TABLE `supplier` ENABLE KEYS */;
UNLOCK TABLES;

--
-- Table structure for table `supplier_tbl`
--

DROP TABLE IF EXISTS `supplier_tbl`;
/*!40101 SET @saved_cs_client     = @@character_set_client */;
/*!40101 SET character_set_client = utf8 */;
CREATE TABLE `supplier_tbl` (
  `id` int(255) NOT NULL AUTO_INCREMENT,
  `name` varchar(250) NOT NULL,
  `alternative_name` varchar(250) NOT NULL,
  `inn` varchar(250) NOT NULL,
  `nds` varchar(250) NOT NULL,
  `raschetny_schet` varchar(250) NOT NULL,
  `mfo` varchar(100) NOT NULL,
  `address` varchar(250) NOT NULL,
  `contact` varchar(250) NOT NULL,
  `director` varchar(250) NOT NULL,
  `accountant` varchar(250) NOT NULL,
  `sts` int(10) NOT NULL DEFAULT 1,
  PRIMARY KEY (`id`)
) ENGINE=InnoDB AUTO_INCREMENT=3 DEFAULT CHARSET=utf8;
/*!40101 SET character_set_client = @saved_cs_client */;

--
-- Dumping data for table `supplier_tbl`
--

LOCK TABLES `supplier_tbl` WRITE;
/*!40000 ALTER TABLE `supplier_tbl` DISABLE KEYS */;
INSERT INTO `supplier_tbl` VALUES (1,'OOO \"ORTOPHARM\" (ПРОИЗВОДСВО)','-','-','-','-','-','-','-','-','-',1),(2,'ООО \"LEKOPLAST PHARM\"','-','-','-','-','-','-','-','-','-',1);
/*!40000 ALTER TABLE `supplier_tbl` ENABLE KEYS */;
UNLOCK TABLES;

--
-- Table structure for table `textlog`
--

DROP TABLE IF EXISTS `textlog`;
/*!40101 SET @saved_cs_client     = @@character_set_client */;
/*!40101 SET character_set_client = utf8 */;
CREATE TABLE `textlog` (
  `id` int(11) NOT NULL AUTO_INCREMENT,
  `chat_id` int(111) NOT NULL,
  `msg` text CHARACTER SET utf8mb4 NOT NULL,
  `step` varchar(100) DEFAULT NULL,
  `vars` text DEFAULT NULL,
  `date` timestamp NOT NULL DEFAULT current_timestamp(),
  PRIMARY KEY (`id`),
  KEY `id` (`id`)
) ENGINE=MyISAM DEFAULT CHARSET=utf8;
/*!40101 SET character_set_client = @saved_cs_client */;

--
-- Dumping data for table `textlog`
--

LOCK TABLES `textlog` WRITE;
/*!40000 ALTER TABLE `textlog` DISABLE KEYS */;
/*!40000 ALTER TABLE `textlog` ENABLE KEYS */;
UNLOCK TABLES;

--
-- Table structure for table `users_tbl`
--

DROP TABLE IF EXISTS `users_tbl`;
/*!40101 SET @saved_cs_client     = @@character_set_client */;
/*!40101 SET character_set_client = utf8 */;
CREATE TABLE `users_tbl` (
  `id` int(100) NOT NULL AUTO_INCREMENT,
  `name` varchar(255) NOT NULL,
  `surname` varchar(255) NOT NULL,
  `fathername` varchar(255) NOT NULL,
  `login` varchar(255) NOT NULL,
  `pass` varchar(255) NOT NULL,
  `role` varchar(255) NOT NULL,
  `sts` varchar(255) NOT NULL DEFAULT '1',
  PRIMARY KEY (`id`)
) ENGINE=InnoDB AUTO_INCREMENT=5 DEFAULT CHARSET=utf8;
/*!40101 SET character_set_client = @saved_cs_client */;

--
-- Dumping data for table `users_tbl`
--

LOCK TABLES `users_tbl` WRITE;
/*!40000 ALTER TABLE `users_tbl` DISABLE KEYS */;
INSERT INTO `users_tbl` VALUES (1,'Xakimjon','Xamidov','Makhmudovich','xakimjon@ortopharm.uz','qwerqwer','sale','1'),(2,'Qodiraliev ','Olimjon','Akbarjanovich','qodiraliev.o@ortopharm.uz','askjhdjsa','sale','1'),(3,'Abbosjon','Ortiqov','Qahramonovich','Aboosjon@ortopharm.uz','hjhdjfkds','sale','1'),(4,'Sharipov','Jasur ','Erkinovich','sharipov.j@ortopharm.uz','asdasdas','sale','1');
/*!40000 ALTER TABLE `users_tbl` ENABLE KEYS */;
UNLOCK TABLES;
/*!40103 SET TIME_ZONE=@OLD_TIME_ZONE */;

/*!40101 SET SQL_MODE=@OLD_SQL_MODE */;
/*!40014 SET FOREIGN_KEY_CHECKS=@OLD_FOREIGN_KEY_CHECKS */;
/*!40014 SET UNIQUE_CHECKS=@OLD_UNIQUE_CHECKS */;
/*!40101 SET CHARACTER_SET_CLIENT=@OLD_CHARACTER_SET_CLIENT */;
/*!40101 SET CHARACTER_SET_RESULTS=@OLD_CHARACTER_SET_RESULTS */;
/*!40101 SET COLLATION_CONNECTION=@OLD_COLLATION_CONNECTION */;
/*!40111 SET SQL_NOTES=@OLD_SQL_NOTES */;

-- Dump completed on 2023-07-12 14:10:28
